{
  "Disabled": false,
  "Testing": false,
  "ScheduledForDeletion": false,
  "InstalledFromUrl": "",
  "WorkingPluginId": "b1947363-cde2-4c94-9317-bccdfd4ce6f5",
  "IsThirdParty": false,
  "EffectiveVersion": "0.0.0.1",
  "Author": "Avaflow, Ars Magna, Kevin124124",
  "Name": "OopsAllLalafellsSRE",
  "Punchline": "Turn everyone around you into Lalafells",
  "Description": "Turn everyone around you into Lalafells",
  "Changelog": null,
  "Tags": [
    "lalafells"
  ],
  "CategoryTags": null,
  "IsHide": false,
  "InternalName": "OopsAllLalafellsSRE",
  "AssemblyVersion": "0.0.0.1",
  "TestingAssemblyVersion": null,
  "IsTestingExclusive": false,
  "RepoUrl": null,
  "ApplicableVersion": "any",
  "DalamudApiLevel": 9,
  "DownloadCount": 0,
  "LastUpdate": 0,
  "DownloadLinkInstall": null,
  "DownloadLinkUpdate": null,
  "DownloadLinkTesting": null,
  "LoadRequiredState": 0,
  "LoadSync": false,
  "LoadPriority": 0,
  "CanUnloadAsync": false,
  "SupportsProfiles": true,
  "ImageUrls": null,
  "IconUrl": null,
  "AcceptsFeedback": true,
  "FeedbackMessage": null,
  "_Dip17Channel": null
}