{
  "Author": "Avaflow, Ars Magna",
  "Name": "OopsAllLalafellsSRE",
  "InternalName": "OopsAllLalafellsSRE",
  "AssemblyVersion": "0.0.0.1",
  "Description": "Turn everyone around you into Lalafells (or other races!)",
  "ApplicableVersion": "any",
  "Tags": [
    "lalafells"
  ],
  "DalamudApiLevel": 9,
  "LoadRequiredState": 0,
  "LoadSync": false,
  "CanUnloadAsync": false,
  "LoadPriority": 0,
  "Punchline": "Turn everyone around you into Lalafells (or other races!)",
  "AcceptsFeedback": true
}